"product_map","Product"
"A10003","type II toxin-antitoxin system SpoIISA family toxin"
"A10004","type II toxin-antitoxin system SpoIISB family antitoxin"
"A10032","antitoxin YezG family protein"
"A10177","SAR2788 family putative toxin"
"A10210","alpha-xenorhabdolysin family binary toxin subunit A"
"A10219","type II toxin-antitoxin system MqsA family antitoxin"
"A10220","type II toxin-antitoxin system MqsR family toxin"
"A10236","bacteriocin immunity protein"
"A10248","type II toxin-antitoxin system YafO family toxin"
"A10258","polymorphic toxin type 47 domain-containing protein"
"A10268","colicin E3-like toxin immunity protein"
"A10297","type II toxin-antitoxin system mRNA interferase toxin, RelE/StbE family"
"A10312","toxin"
"A10470","filamentous hemagglutinin/adhesin"
"A10473","filamentous hemagglutinin transporter protein FhaC"
"A10585","bifunctional adenylate cyclase toxin/hemolysin CyaA"
"A10595","dermonecrotic toxin"
"A10625","pertussis toxin ADP-ribosyltransferase subunit S1"
"A10626","pertussis toxin binding subunit S2"
"A10627","pertussis toxin binding subunit S4"
"A10628","pertussis toxin binding subunit S5"
"A10629","pertussis toxin binding subunit S3"
"A10703","addiction module antitoxin"
"A10705","putative toxin-antitoxin system toxin component, PIN family"
"A11091","type II toxin-antitoxin system antitoxin EndoAI"
"A11127","LXG family T7SS effector deoxyribonuclease toxin YeeF"
"A11226","sporulation delaying protein family toxin"
"A11269","three component toxin-antitoxin-antitoxin system antitoxin SpoIISC"
"A11270","three component toxin-antitoxin-antitoxin system antitoxin SpoIISB"
"A11271","toxin-antitoxin-antitoxin system toxin SpoIISA"
"A11313","toxin SDP protection protein YknW"
"A11400","type I toxin-antitoxin system toxin BsrE"
"A11402","LXG family T7SS effector ribonuclease toxin YobL"
"A1179","hemagglutinin A"
"A11794","bacteriocin-like protein SboX"
"A11796","antilisterial bacteriocin subtilosin biosynthesis protein AlbB"
"A11797","antilisterial bacteriocin subtilosin biosynthesis protein AlbD"
"A11798","antilisterial bacteriocin subtilosin biosynthesis protein AlbG"
"A11959","ComC/BlpC family leader-containing pheromone/bacteriocin"
"A11960","Blp family class II bacteriocin"
"A12202","polymorphic toxin type 46 domain-containing protein"
"A12228","type II toxin-antitoxin system YhaV family toxin"
"A12252","polymorphic toxin type 15 domain-containing protein"
"A12301","anthrax toxin-like adenylyl cyclase domain-containing protein"
"A12328","alpha-xenorhabdolysin family binary toxin subunit B"
"A12351","polymorphic toxin type 24 domain-containing protein"
"A12374","HBL/NHE enterotoxin family protein"
"A12382","type I toxin-antitoxin system SymE family toxin"
"A12383","VENN motif pre-toxin domain-containing protein"
"A12414","type I toxin-antitoxin system ptaRNA1 family toxin"
"A12529","toxin PIN"
"A12537","zonular occludens toxin family protein"
"A12660","heterocycloanthracin/sonorensin family bacteriocin"
"A12751","contact-dependent inhibition toxin CdiA"
"A12773","cytotoxic necrotizing factor CNFY"
"A12800","colicin immunity domain-containing protein"
"A12813","toxin-immunity protein system imunity protein CdiI"
"A12823","subtilase family AB5 toxin binding subunit"
"A12844","addiction module toxin RelE"
"A12856","Tc toxin subunit A"
"A12882","AbiEi antitoxin N-terminal domain-containing protein"
"A12896","zonular occludens toxin domain-containing protein"
"A12970","antitoxin of toxin-antitoxin stability system"
"A13012","toxin Cry1Ac domain D-VI-related protein"
"A13253","restriction endonuclease fold toxin"
"A13275","helveticin J family class III bacteriocin"
"A13381","hemolysin expression modulator Hha"
"A13451","type I toxin-antitoxin system antitoxin YafN"
"A13452","type II toxin-antitoxin system mRNA interferase toxin YafO"
"A13462","cytolethal distending toxin type I subunit CdtA"
"A13463","cytolethal distending toxin type I nuclease subunit CdtB"
"A13464","cytolethal distending toxin subunit A/C"
"A13494","type I toxin-antitoxin system endodeoxyribonuclease toxin RalR"
"A13510","toxin YdaS"
"A13519","cytolethal distending toxin type II subunit CdtA"
"A13520","cytolethal distending toxin type II nuclease subunit CdtB"
"A13521","cytolethal distending toxin type II subunit CdtC"
"A13538","cytolethal distending toxin type I subunit CdtC"
"A13539","Shiga toxin Stx2f subunit B"
"A13540","Shiga toxin Stx2f subunit A"
"A13549","type II toxin-antitoxin system toxin acetyltransferase AtaT"
"A13550","type II toxin-antitoxin system antitoxin AtaR"
"A13607","tellurite/colicin resistance protein"
"A13668","glycosylating toxin sigma factor TcdR"
"A13669","glycosylating toxin TcdB"
"A13670","holin-like glycosylating toxin export protein TcdE"
"A13671","glycosylating toxin TcdA"
"A13672","glycosylating toxin anti-sigma factor TcdC"
"A13805","ADP-ribosylating binary toxin enzymatic subunit CdtA"
"A13806","ADP-ribosylating binary toxin binding subunit CdtB"
"A13858","putative bacteriocin export ABC transporter"
"A13861","toxin production/motility transcriptional repressor RstA"
"A1390","type II toxin-antitoxin system HicA family toxin"
"A1391","type II toxin-antitoxin system HicB family antitoxin"
"A13950","TNT antitoxin family protein"
"A13952","glycohydrolase toxin TNT-related protein"
"A13992","toxin-antitoxin system"
"A14008","uberolysin/carnocyclin family circular bacteriocin"
"A14068","cholesterol-dependent cytolysin streptolysin O"
"A14069","streptococcal pyrogenic exotoxin SpeG"
"A14085","exfoliative toxin"
"A14087","bacteriocin secretion accessory protein"
"A14088","class IIb bacteriocin, lactobin A/cerein 7B family"
"A14099","TOMM family cytolysin streptolysin S"
"A14100","streptolysin S biosynthesis dehydrogenase SagB"
"A14101","streptolysin associated protein SagC"
"A14108","hyaluronoglucosaminidase"
"A14122","CAMP factor pore-forming toxin Cfa"
"A14123","streptococcal pyrogenic exotoxin SpeK"
"A14136","streptococcal pyrogenic exotoxin SpeC"
"A14166","streptococcal mitogenic exotoxin SmeZ"
"A14172","cysteine proteinase exotoxin SpeB"
"A14271","zonular occludens toxin"
"A14366","PF03691 family colicin E2 tolerance protein CbrC"
"A14384","type II toxin-antitoxin system HipA family toxin YjjJ"
"A14436","leukotoxin LktA family filamentous adhesin"
"A14452","type III toxin-antitoxin system ToxN/AbiQ family toxin"
"A14503","colicin D domain-containing protein"
"A14506","toxin-activating lysine-acyltransferase"
"A14520","colicin-like pore-forming protein"
"A14523","antitoxin HicB"
"A14677","cytolethal distending toxin subunit Cj-CdtA"
"A14678","cytolethal distending toxin nuclease subunit Cj-CdtB"
"A14679","cytolethal distending toxin subunit Cj-CdtC"
"A14789","putative toxin"
"A14865","zincin-like metallopeptidase toxin domain-containing protein"
"A14876","type IV toxin-antitoxin system cytoskeleton bundling-enhancing antitoxin CbeA"
"A14891","colicin Ia central receptor-binding domain-containing protein"
"A14892","colicin 1A immunity protein"
"A14896","pore-forming bacteriocin colicin E1"
"A14897","colicin E1 immunity protein"
"A14898","colicin release lysis protein"
"A14908","SA1788 family PVL leukocidin-associated protein"
"A14921","staphylococcal enterotoxin-like toxin X"
"A14925","toxic shock syndrome toxin TSST-1"
"A14926","staphylococcal enterotoxin type C1"
"A14927","staphylococcal enterotoxin type L"
"A14928","superantigen-like protein SSL1"
"A14929","superantigen-like protein SSL2"
"A14930","superantigen-like protein SSL3"
"A14931","superantigen-like protein SSL4"
"A14932","superantigen-like protein SSL5"
"A14933","superantigen-like protein SSL6"
"A14934","superantigen-like protein SSL7"
"A14935","superantigen-like protein SSL8"
"A14936","superantigen-like protein SSL9"
"A14937","superantigen-like protein SSL10"
"A14938","superantigen-like protein SSL11"
"A14999","bacteriocin-associated integral membrane family protein"
"A15020","alpha-hemolysin"
"A15021","superantigen-like protein SSL12"
"A15022","superantigen-like protein SSL13"
"A15023","superantigen-like protein SSL14"
"A15030","polymorphic toxin type 50 domain-containing protein"
"A1504","type II toxin-antitoxin system HigB family toxin"
"A15049","exotoxin"
"A15060","type I toxin-antitoxin system Fst family toxin PepA1"
"A15069","leukocidin/hemolysin toxin family protein"
"A15070","bi-component leukocidin LukED subunit E"
"A15077","bi-component leukocidin LukMF' subunit F'"
"A15078","bi-component leukocidin LukMF' subunit M"
"A15093","bi-component leukocidin LukGH subunit G"
"A15094","bi-component leukocidin LukGH subunit H"
"A15097","delta-hemolysin"
"A15137","bi-component gamma-hemolysin HlgAB subunit A"
"A15138","bi-component gamma-hemolysin HlgCB subunit C"
"A15139","bi-component gamma-hemolysin HlgAB/HlgCB subunit B"
"A15140","type I toxin-antitoxin system Fst family toxin"
"A15327","thiopeptide-type bacteriocin biosynthesis protein"
"A15505","restriction endonuclease fold toxin 5 domain-containing protein"
"A15526","polymorphic toxin-type HINT domain-containing protein"
"A15743","antitoxin EndoAI"
"A15788","aureocin A53 family class IId bacteriocin"
"A15833","non-hemolytic enterotoxin NHE subunit A"
"A15834","non-hemolytic enterotoxin NHE subunit B"
"A15835","non-hemolytic enterotoxin NHE subunit C"
"A15837","enterotoxin EntFM"
"A15863","CdiA family toxin C-terminal domain-containing protein"
"A15880","hemolysin II HlyII"
"A15881","hemolysin II regulator HlyIIR"
"A15916","anthrolysin O/cereolysin O family cholesterol-dependent cytolysin Alo"
"A16022","anthrax toxin edema factor"
"A16024","anthrax toxin expression trans-acting transcriptional regulator AtxA"
"A16029","anthrax toxin protective antigen"
"A16031","anthrax toxin lethal factor"
"A16042","ETX/MTX2 family pore-forming toxin"
"A16558","polymorphic toxin type 33 domain-containing protein"
"A16582","RTX toxin T1SS ABC transporter subunit RtxB"
"A16583","RTX toxin-activating lysine-acyltransferase RtxC"
"A16584","MARTX multifunctional-autoprocessing repeats-in-toxin holotoxin RtxA"
"A16588","leukocidin family pore-forming toxin"
"A1666","type II toxin-antitoxin system RatA family toxin"
"A16724","Scr1 family TA system antitoxin-like transcriptional regulator"
"A16732","toxin glutamine deamidase domain-containing protein"
"A16782","non-hemolytic phospholipase C"
"A16870","staphylococcal enterotoxin type H"
"A16873","putative cyclic bacteriocin"
"A16876","bi-component leukocidin LukPQ subunit P"
"A16877","bi-component leukocidin LukPQ subunit Q"
"A16895","bi-component leukocidin LukED subunit D"
"A16909","bacteriocin class II family protein"
"A16962","Rv0909 family putative TA system antitoxin"
"A16982","superantigen-like protein"
"A16988","staphylococcal enterotoxin type 26"
"A16991","staphylococcal enterotoxin type Y"
"A16993","putative immunity/bacteriocin fusion bifunctional protein"
"A17021","exotoxin beta-grasp domain-containing protein"
"A17024","staphylococcal enterotoxin type G"
"A17025","staphylococcal enterotoxin type N"
"A17026","staphylococcal enterotoxin type U"
"A17027","staphylococcal enterotoxin type I"
"A17028","staphylococcal enterotoxin type M"
"A17029","staphylococcal enterotoxin type O"
"A17033","type I toxin-antitoxin system toxin PepG1"
"A17034","staphylococcal enterotoxin type P"
"A17269","type II toxin-antitoxin system mRNA interferase toxin HicA"
"A17306","colicin"
"A17378","polymorphic toxin type 37 domain-containing protein"
"A17388","heparin-binding hemagglutinin"
"A17391","colicin D family protein"
"A17433","NHLP bacteriocin export ABC transporter permease/ATPase subunit"
"A17434","NHLP family bacteriocin export ABC transporter peptidase/permease/ATPase subunit"
"A17435","NHLP bacteriocin system secretion protein"
"A1763","Txe/YoeB family addiction module toxin"
"A17633","colicin E5-related ribonuclease"
"A1764","type II toxin-antitoxin system prevent-host-death family antitoxin"
"A17649","filamentous hemagglutinin family protein"
"A17661","putidacin L1 family lectin-like bacteriocin"
"A17724","type II toxin-antitoxin system toxin KacT"
"A17725","type II toxin-antitoxin system antitoxin KacA"
"A17741","klebicin B-related nuclease bacteriocin"
"A17743","type I toxin-antitoxin system toxic polypeptide LdrD"
"A17779","hemagglutinin"
"A17795","colicin-like bacteriocin tRNase domain-containing protein"
"A17925","EntF family bacteriocin induction factor"
"A17926","class II bacteriocin"
"A17974","CopG family antitoxin"
"A18121","hemolysin D"
"A18178","hemolytic enterotoxin HBL binding subunit HblA"
"A18179","hemolytic enterotoxin HBL binding subunit HblB"
"A18180","hemolytic enterotoxin HBL lytic component L1"
"A18181","hemolytic enterotoxin HBL lytic component L2"
"A18186","bacteriocin-processing peptidase family protein"
"A18196","beta-channel forming cytolysin CytK2"
"A18202","insecticidal delta-endotoxin Cry8Ea1 family protein"
"A18212","subclass IId bacteriocin thuricin17"
"A18284","RTX toxin T1SS ABC transporter permease/ATPase subunit ApxIB"
"A18285","RTX family hemolysin"
"A18456","Shiga toxin A subunit"
"A18494","cytotoxic translational repressor of toxin-antitoxin stability system"
"A18495","type II toxin-antitoxin system HigA family antitoxin"
"A18553","polymorphic toxin type 23 domain-containing protein"
"A18967","zeta toxin family type III secretion system effector XopAJ/AvrRxo1"
"A1911","colicin E3/pyocin S6 family cytotoxin"
"A19112","binary toxin-like calcium binding domain-containing protein"
"A1912","pyocin S6 family toxin immunity protein"
"A19288","streptolysin S family TOMM toxin"
"A19296","thiazolylpeptide-type bacteriocin"
"A19303","leucocin A/sakacin P family class II bacteriocin"
"A19304","garvicin Q family class II bacteriocin"
"A19305","TmhB bacteriocin enhancer peptide"
"A19309","two-partner secretion system putative hemagglutinin TpsA2"
"A19310","T3SS effector bifunctional cytotoxin exoenzyme T"
"A19325","type II toxin-antitoxin system toxin ParE"
"A19370","pyocin genes transcriptional regulator PrtN"
"A19433","T3SS effector bifunctional cytotoxin exoenzyme S"
"A19530","type IV secretion system toxin Tse4"
"A19567","ribonuclease toxin immunity protein CdiI"
"A19698","exotoxin A"
"A19720","pyocin S5"
"A19956","JAB-like toxin 1 domain-containing protein"
"A20152","type II toxin-antitoxin system toxin MqsR"
"A20153","type II toxin-antitoxin system antitoxin MqsA"
"A20181","type II toxin-antitoxin system toxin YacB"
"A20182","type II toxin-antitoxin system antitoxin YacA"
"A20185","type II toxin-antitoxin system antitoxin LsoB"
"A20186","type II toxin-antitoxin system mRNA endoribonuclease LsoA"
"A20187","colicin 1B immunity protein"
"A20242","Shiga toxin Stx2c subunit A"
"A20243","Shiga toxin Stx2a subunit B"
"A20246","Shiga toxin Stx1 subunit A"
"A20247","Shiga toxin Stx1a subunit B"
"A20282","enterohemolysin-activating lysine-acyltransferase EhxC"
"A20283","enterohemolysin EhxA"
"A20284","enterohemolysin T1SS ABC transporter permease/ATPase EhxB"
"A20285","enterohemolysin T1SS ABC transporter subunit EhxD"
"A20286","toxin B"
"A20294","toxin ADP-ribosyltransferase subunit ArtA"
"A20307","type II toxin-antitoxin system antitoxin vapB25"
"A20314","toxin MazF8"
"A20337","hemolysin"
"A20364","hemolysin-type calcium-binding protein"
"A20369","type I addiction module toxin, SymE family"
"A20386","two-peptide bacteriocin plantaricin EF subunit PlnF"
"A20387","two-peptide bacteriocin plantaricin EF subunit PlnE"
"A20646","CAMP factor pore-forming toxin Cfb"
"A20664","toxin-antitoxin system antitoxin subunit"
"A20715","YafQ family addiction module toxin"
"A20731","vacuolating cytotoxin domain-containing protein"
"A20803","vacuolating cytotoxin autotransporter"
"A20903","hemolysin-type lysine-binding protein"
"A21027","pertussis toxin-like subunit ArtA"
"A21030","cytolethal distending toxin S-CDT"
"A21031","typhoid-like toxin S-CDT ADP-ribosylating subunit PltA"
"A21032","typhoid-like toxin S-CDT binding subunit PltB"
"A21062","pyocin-S1/S2 immunity protein"
"A21112","cytolethal distending toxin subunit B family protein"
"A21281","lactococcin family bacteriocin"
"A21486","BMA_0021/BMA_0022 family TOMM bacteriocin"
"A21553","antitoxin Xre/MbcA/ParS toxin-binding domain-containing protein"
"A21628","guanitoxin biosynthesis L-enduracididine beta-hydroxylase GntD"
"A21640","fic family toxin-antitoxin system, toxin component"
"A21652","Type-2Aa cytolytic delta-endotoxin"
"A21670","polymorphic toxin type 27 domain-containing protein"
"A21681","beta-barrel pore-forming toxin aerolysin"
"A21692","hemolysin Ahh1"
"A21696","cytolytic delta-endotoxin (insecticidal protein)"
"A2174","pyocin activator PrtN family protein"
"A21750","T3SS effector ADP-ribosyltransferase toxin AexT"
"A21797","Shiga toxin Stx2 subunit B"
"A21798","Shiga toxin Stx2d subunit A"
"A21801","subtilase AB5 cytotoxin subunit B"
"A21802","subtilase AB5 cytotoxin subunit A"
"A21804","pore-forming bacteriocin colicin B"
"A2185","BrnA antitoxin family protein"
"A2186","BrnT family toxin"
"A21894","RTX toxin"
"A21929","toxin HicA"
"A21985","thiol-activated cytolysin family protein"
"A22046","type IV toxin-antitoxin system antitoxin YafW"
"A22047","type IV toxin-antitoxin system toxin YkfI"
"A22052","bacteriocin transport accessory protein"
"A22068","S-type pyocin family protein"
"A22082","toxin-antitoxin system, antitoxin component"
"A22090","type IV toxin-antitoxin system toxin YpjF"
"A22094","type II toxin-antitoxin system antitoxin RnlB"
"A22095","type II toxin-antitoxin system toxin mRNA endoribonuclease RnlA"
"A22129","type IV toxin-antitoxin system antitoxin YagB"
"A22155","guanitoxin biosynthesis L-arginine gamma (S) hydroxylase"
"A22167","contact-dependent inhibition toxin BcpA"
"A22458","type III secretion system effector cytotoxin ExoU"
"A22615","PedC/BrcD family bacteriocin maturation disulfide isomerase"
"A22644","staphylococcal enterotoxin type A"
"A22721","polymorphic toxin MafB class 1"
"A22723","MafB family polymorphic toxin"
"A22730","toxin C-terminal domain-containing protein"
"A22742","type II toxin-antitoxin system toxin FitB"
"A22743","type II toxin-antitoxin system antitoxin FitA"
"A22745","polymorphic toxin MafB class 3"
"A22760","polymorphic toxin MafB class 2"
"A22798","toxin Bro"
"A22816","toxin zeta"
"A22980","aerolysin family beta-barrel pore-forming toxin"
"A22982","abortive infection system antitoxin AbiGi family protein"
"A23113","cytolethal distending toxin subunit Cc-CdtA"
"A23114","cytolethal distending toxin nuclease subunit Cc-CdtB"
"A23115","cytolethal distending toxin subunit Cc-CdtC"
"A23128","cholesterol-dependent cytolysin suilysin"
"A23266","pyocin R2, holin"
"A23479","S-type Pyocin"
"A23517","type II toxin-antitoxin system ChpB family toxin"
"A23521","polymorphic toxin type 25 domain-containing protein"
"A23562","toxin TcdB middle/N-terminal domain-containing protein"
"A23813","calcium-independent hemolysin HpmA"
"A23814","hemolysin secretion/activation protein HpmB"
"A23829","staphylococcal enterotoxin type R"
"A23830","staphylococcal enterotoxin type J"
"A23831","staphylococcal enterotoxin type D"
"A23856","type II toxin-antitoxin system Y4mF family antitoxin"
"A2393","DUF5801 repeats-in-toxin domain-containing protein"
"A23965","phazolicin family TOMM bacteriocin"
"A23976","ferripyoverdine/pyocin S3 receptor FpvA"
"A24054","serine protease autotransporter toxin Sat"
"A24091","Shiga toxin Stx2e subunit B"
"A24092","Shiga toxin Stx2e subunit A"
"A24128","zeta toxin"
"A24155","bacteriocin biosynthesis protein AlbG"
"A24156","bacteriocin biosynthesis protein AlbD"
"A24157","bacteriocin biosynthesis protein AlbB"
"A24172","LXG family T7SS effector endonuclease toxin YqcG"
"A24275","alpha-helical pore-forming toxin family protein"
"A24290","type II toxin-antitoxin system ChpS family antitoxin"
"A24361","type I toxin-antitoxin system antitoxin GrtC"
"A24362","type I toxin-antitoxin system antitoxin GrtB"
"A24363","type I toxin-antitoxin system antitoxin GrtA"
"A24442","thermostable direct hemolysin-family toxin"
"A24449","cytotoxic necrotizing factor Rho-activating domain-containing protein"
"A24530","cytolethal distending toxin subunit A"
"A24600","channel protein, hemolysin III"
"A24644","serine protease autotransporter toxin Pic"
"A24645","vacuolating autotransporter toxin Vat"
"A24689","antitoxin VapB family protein"
"A24740","cytotoxic necrotizing factor CNF1"
"A24741","alpha-hemolysin T1SS ABC transporter subunit HlyD"
"A24742","RTX toxin hemolysin HlyA"
"A24743","alpha-hemolysin-activating lysine-acyltransferase HlyC"
"A24825","colicin immunity protein"
"A24872","two-peptide bacteriocin plantaricin JK subunit PlnK"
"A24873","two-peptide bacteriocin plantaricin JK subunit PlnJ"
"A24903","NAD glycohydrolase toxin immunity factor"
"A24913","type II toxin-antitoxin system antitoxin PezA"
"A24914","type II toxin-antitoxin system toxin PezT"
"A25006","neuraminyllactose-binding hemagglutinin"
"A25012","neuraminyllactose-binding hemagglutinin family protein"
"A25020","beta-channel forming cytolysin CytK1"
"A25036","colicin E3"
"A2506","zeta toxin family protein"
"A25070","Shiga toxin Stx2c subunit B"
"A25076","cholesterol-dependent cytolysin ivanolysin O"
"A25119","bacteriocin-like WGxF protein"
"A25274","iota toxin protein Ib"
"A25284","type VI secretion system antitoxin TsiV3"
"A25288","hemolysin secretion protein D"
"A25289","type VI secretion system toxin VasX"
"A25298","hemagglutinin/proteinase HapA"
"A25312","cytolysin VCC"
"A25322","toxin-coregulated pilus methyl-accepting chemotaxis protein TcpI"
"A25323","toxin-coregulated pilus transcriptional regulator TcpP"
"A25324","toxin-coregulated pilus protein TcpH"
"A25326","toxin-coregulated pilus minor pilin TcpB"
"A25327","toxin-coregulated pilus protein TcpQ"
"A25328","toxin-coregulated pilus secretin TcpC"
"A25329","toxin-coregulated pilus protein TcpR"
"A25330","toxin-coregulated pilus protein TcpD"
"A25331","toxin-coregulated pilus protein TcpS"
"A25332","toxin-coregulated pilus assembly ATPase TcpT"
"A25333","toxin-coregulated pilus assembly protein TcpE"
"A25334","toxin-coregulated pilus pre-pilin peptidase TcpJ"
"A25427","tabtoxinine-beta-lactam acetyltransferase Ttr"
"A25447","staphylococcal enterotoxin type Z"
"A25448","staphylococcal enterotoxin type C3"
"A25458","polymorphic toxin type 34 domain-containing protein"
"A25583","polymorphic toxin type 17 domain-containing protein"
"A25604","guanitoxin biosynthesis heme-dependent pre-guanitoxin N-hydroxylase GntA"
"A25637","CAMP factor family pore-forming toxin"
"A25644","enterotoxin A family protein"
"A25648","RTX toxin hemolysin A"
"A25650","pertussis toxin subunit ArtA"
"A25652","staphylococcal enterotoxin type K"
"A25653","staphylococcal enterotoxin type Q"
"A25792","autotransporter vacuolating cytotoxin VacA"
"A25793","type II toxin-antitoxin system mRNA interferase toxin, HP0892 family"
"A25815","bacteriocin-type signal sequence"
"A25824","putative Shiga-like toxin A subunit"
"A25839","colicin M resistance protein"
"A25851","toxin YhaV"
"A25859","toxin CptA"
"A25890","colicin I receptor"
"A25927","hemolysin activation protein"
"A25995","colicin lysis protein"
"A26032","exotoxin OB-fold domain-containing protein"
"A26038","subtilosin A family bacteriocin"
"A26039","exotoxin SpEX"
"A26056","cytotoxin"
"A26059","cholesterol-dependent cytolysin pyolysin"
"A26072","toxin TcdB middle/C-terminal domain-containing protein"
"A26073","CyaA/EF/ExoY family adenylyl cyclase toxin"
"A2610","toxin-antitoxin system YwqK family antitoxin"
"A26112","hemagglutinin repeat family protein"
"A26152","labile enterotoxin output A"
"A26229","pyocin-S3"
"A2636","thermostable hemolysin"
"A26408","VapB-type antitoxin"
"A2659","filamentous hemagglutinin N-terminal domain-containing protein"
"A26595","polymorphic toxin type 10 domain-containing protein"
"A2660","ShlB/FhaC/HecB family hemolysin secretion/activation protein"
"A26618","polymorphic toxin type 22 domain-containing protein"
"A26666","Panton-Valentine bi-component leukocidin subunit F"
"A26667","Panton-Valentine bi-component leukocidin subunit S"
"A26726","exfoliative toxin B"
"A26729","pilus/toxin transcriptional regulator ToxT"
"A26737","zonula occludens toxin ZOT"
"A26738","accessory cholera enterotoxin"
"A26741","cholera enterotoxin binding subunit CtxB"
"A26742","cholera enterotoxin catalytic subunit CtxA"
"A26748","filamentous hemagglutinin"
"A26768","lipid II-degrading bacteriocin"
"A26791","exfoliative toxin A"
"A26834","staphylococcal enterotoxin type B"
"A26903","bacteriocin biosynthesis cyclodehydratase SagC"
"A26904","streptococcal pyrogenic exotoxin SpeJ"
"A27036","guanitoxin biosynthesis MBL fold metallo-hydrolase GntH"
"A27191","hemagglutinin protein"
"A27205","bacteriocin-like peptide BlpU"
"A27207","SPH_0218 family bacteriocin-like peptide"
"A27208","SPH_0224 family bacteriocin-like peptide"
"A27210","fratricide two-peptide bacteriocin subunit CibB"
"A27211","fratricide two-peptide bacteriocin subunit CibA"
"A27229","two-peptide bacteriocin subunit BlpM"
"A27230","two-peptide bacteriocin subunit BlpN"
"A27231","bacteriocin-like peptide BlpO"
"A27251","SP_0924 family bacteriocin-like peptide"
"A27254","thiol-activated cytolysin C-terminal domain-containing protein"
"A27264","cholesterol-dependent cytolysin pneumolysin"
"A27266","two-peptide bacteriocin subunit PneA1"
"A27267","two-peptide bacteriocin subunit PneA2"
"A27340","staphylococcal enterotoxin type 30"
"A27504","pyocin-S1"
"A27628","pyocin knob domain-containing S74 family peptidase"
"A27629","polymorphic toxin type 28 domain-containing protein"
"A27656","hemolysin B"
"A27688","hemagglutinin/hemolysin-related protein"
"A27734","toxin Fic"
"A27767","ComC/BlpC family peptide pheromone/bacteriocin"
"A27778","staphylococcal enterotoxin type 27"
"A27779","staphylococcal enterotoxin type C2"
"A27823","cytolysin secretion protein"
"A27826","antilisterial bacteriocin subtilosin biosynthesis protein AlbE"
"A27830","type II toxin-antitoxin system antitoxin YxxD"
"A27831","LXG family T7SS effector ribonuclease toxin YxiD"
"A27835","type I toxin-antitoxin system toxin TxpA"
"A27836","type I toxin-antitoxin system toxin BsrH"
"A27883","insecticidal delta-endotoxin"
"A27888","colicin transporter"
"A27899","colicin V family bacteriocin"
"A27903","diphtheria toxin"
"A27929","lanthipeptide cytolysin subunit CylL-S"
"A27930","lanthipeptide cytolysin subunit CylL-L"
"A27931","cytolysin regulator CylR2"
"A27944","Shiga toxin Stx1a subunit A"
"A27965","type II toxin-antitoxin system antitoxin VapB"
"A28003","serine protease autotransporter toxin EatA"
"A28004","heat-stable enterotoxin ST-I group b"
"A28022","colicin Z C-terminal domain-related protein"
"A28093","toxin-antitoxin system, toxin component"
"A28123","vacuolating cyotoxin family protein"
"A28135","abortive infection system toxin AbiGii family protein"
"A28141","RelB/DinJ family addiction module antitoxin"
"A28261","toxin SymE, type I toxin-antitoxin system family protein"
"A28264","cytolethal distending toxin type IV subunit CdtC"
"A28265","cytolethal distending toxin type IV subunit CdtA"
"A28273","listeriolysin S family TOMM bacteriocin"
"A28281","class III bacteriocin"
"A28310","type II toxin-antitoxin system toxin GraT"
"A28311","type II toxin-antitoxin system antitoxin GraA"
"A28333","bacteriocin transporter"
"A28344","Shiga toxin Stx2 subunit A, a/c/d subtype"
"A28345","Shiga toxin Stx2a subunit A"
"A28364","hemolysin III"
"A28419","calcium-binding hemolysin"
"A2843","bacteriocin"
"A28432","polymorphic toxin type 30 domain-containing protein"
"A28433","colicin immunity protein Cui"
"A28480","Trifolitoxin immunity protein"
"A28883","toxin-antitoxin system protein"
"A28891","antitoxin family protein"
"A28907","PncF family bacteriocin immunity protein"
"A28965","plasmid maintenance toxin (PemK-like)"
"A28966","polymorphic toxin type 8 domain-containing protein"
"A29070","Hha toxicity attenuator"
"A29093","antitoxin PemI"
"A29110","delta endotoxin C-terminal domain-containing protein"
"A29181","serine protease autotransporter toxin SepA"
"A29240","bacteriocin biosynthesis cyclodehydratase"
"A29350","colicin Y"
"A29351","alveicin A bacteriocin toxin"
"A29359","pertussis toxin subunit"
"A29360","putative pertussis-like toxin subunit"
"A29371","pertussis-like toxin subunit ArtA"
"A29372","subtilase cytotoxin subunit B"
"A29419","cholesterol-dependent cytolysin perfringolysin O"
"A29420","alpha-toxin"
"A29427","beta-2 toxin CPB2"
"A29459","epsilon-antitoxin"
"A29556","heat-labile enterotoxin LT subunit A"
"A29557","heat-labile enterotoxin LT subunit B"
"A29644","cytolethal distending toxin subunit C"
"A29645","cytolethal distending toxin type III/V nuclease subunit CdtB"
"A29652","TcdB toxin N-terminal helical domain-containing protein"
"A29692","cytolethal distending toxin type V subunit CdtC"
"A29693","cytolethal distending toxin type V subunit CdtA"
"A29694","HNH/endonuclease VII fold toxin-2 domain-containing protein"
"A29695","Shiga toxin Stx2d subunit B"
"A29699","Heat-labile enterotoxin IIA, B chain"
"A29815","addiction module antitoxin RelB"
"A29816","pyocin"
"A29825","colicin-D"
"A29860","antitoxin VapB3"
"A29896","addiction module toxin, HicA family"
"A2990","hemagglutinin repeat-containing protein"
"A29917","pyocin immunity protein"
"A29932","toxin RelE"
"A29942","toxin HipA"
"A29944","dihydrorhizobitoxine desaturase"
"A30159","cytolethal distending toxin, subunit CdtC"
"A30160","cytolethal distending toxin, subunit CdtA"
"A30323","toxin-antitoxin (TA) system antitoxin"
"A30350","guanitoxin biosynthesis MATE family efflux transporter GntT"
"A30401","bacteriocin fulvocin C-related protein"
"A30405","toxin-antitoxin system, toxin component family protein"
"A30419","toxin Doc"
"A3042","type II toxin-antitoxin system RelE/ParE family toxin"
"A30438","bacteriocin ABC transporter ATP-binding protein"
"A30439","streptolysin S biosynthesis protein SagC"
"A30475","thermostable cytotonic enterotoxin Ast"
"A30530","papain fold toxin domain-containing protein"
"A30531","CTB family bacteriocin"
"A30560","type IV toxin-antitoxin system toxin CbtA"
"A30615","small toxic polypeptide LdrA/LdrC"
"A30616","small toxic polypeptide LdrB"
"A30674","cholesterol-dependent cytolysin listeriolysin O"
"A3070","S-type pyocin domain-containing protein"
"A30795","omega toxin-like domain protein"
"A30831","toxin RtxA"
"A30837","polymorphic toxin type 43 domain-containing protein"
"A30999","HicB family toxin-antitoxin system"
"A31001","antitoxin MazE-like protein"
"A31072","type II toxin-antitoxin system toxin RelE3"
"A31089","putative AB5 enterotoxin binding subunit YtxB"
"A31095","monalysin family beta-barrel pore-forming toxin"
"A31121","toxin CbtA"
"A31140","cytolethal distending toxin subunit Aa-CdtA"
"A31141","cytolethal distending toxin nuclease subunit Aa-CdtB"
"A31142","cytolethal distending toxin subunit Aa-CdtC"
"A31152","RTX family leukotoxin LtxA"
"A31207","bacteriocin plantaricin beta peptide precursor"
"A31208","bacteriocin plantaricin alpha peptide precursor"
"A31211","streptococcal pyrogenic exotoxin SpeI"
"A31212","streptococcal pyrogenic exotoxin SpeH"
"A31244","zona occludens toxin"
"A31342","toxin HigB-2"
"A3139","membrane-targeted effector domain-containing toxin"
"A31395","toxin-module SymE"
"A31400","CAMP factor pore-forming toxin 1"
"A31402","CAMP factor pore-forming toxin 4"
"A31405","CAMP factor pore-forming toxin 2"
"A31430","RTX-II toxin-activating lysine-acyltransferase ApxIIC"
"A31432","RTX-I toxin determinant A from serotypes 5/10"
"A31433","RTX toxin T1SS ABC transporter adaptor subunit ApxID"
"A31451","viscotoxin-A3"
"A31480","toxin-antitoxin system toxin DNA ADP-ribosyl transferase DarT"
"A31482","antitoxin PHD"
"A31497","structural toxin protein (hemagglutinin/hemolysin) RtxA"
"A31550","antitoxin type II toxin-antitoxin system"
"A31564","colicin-Ia domain protein"
"A31573","Lmo2776 family bacteriocin"
"A31614","Shiga toxin subunit A"
"A31712","botulinum neurotoxin type B"
"A31713","nontoxic nonhemagglutinin C-terminal domain-containing protein"
"A31714","non-toxic nonhemagglutinin NTNH"
"A31715","botulinum neurotoxin transcription-activating sigma factor BotR"
"A31716","botulinum neurotoxin hemagglutinin HA70 subunit"
"A31717","neurotoxin-associated TULIP family protein P47"
"A31718","botulinum neurotoxin type F"
"A31732","thiopeptide-type bacteriocin"
"A31751","SPAR17_0115 family bacteriocin-like peptide"
"A31758","bacteriocin-like peptide BlpI"
"A31759","bacteriocin-like peptide BlpJ"
"A31826","colicin uptake protein"
"A31843","streptococcal pyrogenic exotoxin SpeA"
"A31854","cholesterol-dependent cytolysin seeligeriolysin O"
"A31921","cytolethal distending toxin type IV nuclease subunit CdtB"
"A32027","ADP-ribosylating toxin CARDS"
"A32120","hemolysin-type calcium-binding region"
"A32172","bacteriocin 32"
"A32180","TDH-related hemolysin TRH1"
"A32181","thermostable direct hemolysin TDH"
"A32202","enterohemolysin"
"A32203","subtilase cytotoxin subunit B-like protein"
"A32212","heat-stable enterotoxin ST-II"
"A32227","MazF family toxin-antitoxin system"
"A32491","type-1Aa cytolytic delta-endotoxin"
"A32492","type 1Ba cytolytic delta-endotoxin"
"A32493","delta-endotoxin CytB"
"A32564","T3SS effector ADP-ribosyltransferase toxin VopT"
"A32579","SP_0115 family bacteriocin-like peptide"
"A32585","putative AB5 enterotoxin ADP-ribosylating subunit YtxA"
"A32652","hemagglutinin/hemolysin family protein"
"A32673","binary cytotoxin component"
"A32801","conotoxin"
"A32820","JHE-like toxin PirA"
"A32872","bacteriocin biosynthesis protein"
"A32896","type I toxin-antitoxin system toxin BsrG"
"A32925","toxin A"
"A32928","exfoliative toxin E"
"A32930","enterotoxin type B"
"A32953","toxin-antitoxin system antitoxin component PHD family"
"A33035","bacteriocin genes transcriptional regulator BrsR"
"A33036","bacteriocin genes regulator BrsM"
"A33079","LifA/Efa1-related large cytotoxin"
"A33178","hemagglutinin-like protein"
"A33229","Hansenula MRAKII killer toxin-resistant protein 1"
"A33373","bacteriocin sublancin-168"
"A33471","toxin-antitoxin system, toxin component, PIN family protein"
"A33549","enterotoxin type C3 EntC3"
"A33629","polymorphic toxin type 35 domain-containing protein"
"A33633","thermolabile hemolysin"
"A33746","beta-channel forming cytolysin"
"A33763","Shiga toxin Stx2 subunit A"
"A33768","toxin-antitoxin system, antitoxin component, Xre family protein"
"A33776","toxin VasX"
"A33797","streptolysin associated protein SagB"
"A33841","zonular occludens toxin (zot)"
"A33921","hemolysin E"
"A33956","toxin-coregulated pilus major pilin TcpA"
"A33969","toxin-antitoxin system, antitoxin component domain protein"
"A33975","antitoxin Phd/YefM, type II toxin-antitoxin system domain protein"
"A33976","toxin HINT domain protein"
"A33977","toxin-antitoxin system, antitoxin component, HicB family"
"A34019","toxin-antitoxin system, antitoxin component, HicB family protein"
"A3405","type II toxin-antitoxin system HipA family toxin"
"A34052","C2 toxin component I"
"A34053","C2 toxin component II"
"A34098","cytolysin immunity CylI"
"A34113","type II toxin-antitoxin system antitoxin, RelB/DinJ family"
"A34117","toxin-antitoxin system, antitoxin component, AbrB family protein"
"A34142","insecticidal toxin protein"
"A3415","hemolysin III family protein"
"A34152","pyocin activator protein PrtN"
"A34178","AexT-like T3SS ADP-ribosyltransferase toxin"
"A34232","toxin-antitoxin system, toxin component, MazF family protein"
"A34234","Dr hemagglutinin AFA-III operon transcriptional regulator AfaF"
"A34273","type VI secretion system toxin TseL"
"A34318","hemolysin expression modulating protein"
"A34417","guanitoxin biosynthesis pre-guanitoxin forming N-methyltransferase GntF"
"A34473","CLI_3235 family bacteriocin precursor"
"A34485","guanitoxin biosynthesis PLP-dependent aldolase GntG"
"A34562","hemolysin hemolytic protein"
"A34672","antidote-toxin recognition MazE family protein"
"A34682","toxin-antitoxin system, toxin component, Bro family"
"A34735","GatB family leaderless bacteriocin"
"A34736","GatA family leaderless bacteriocin"
"A34750","cholesterol-dependent cytolysin intermedilysin"
"A34803","Toxic anion resistance protein (TelA)"
"A34806","toxin PezT"
"A34813","transcriptional regulator/antitoxin MazE"
"A34857","RTX-III toxin-activating lysine-acyltransferase ApxIIC"
"A34882","lactococcin G-beta/enterocin 1071B family bacteriocin"
"A34901","latrotoxin-related protein"
"A34962","non-hemolytic enterotoxin lytic component L1"
"A34963","cytotoxic necrotizing factor"
"A34964","toxin-antitoxin system subunit antitoxin"
"A34995","cytolethal distending toxin subunit Cf-CdtC"
"A34996","cytolethal distending toxin nuclease subunit Cf-CdtB"
"A34997","cytolethal distending toxin subunit Cf-CdtA"
"A35022","class IIc cyclic bacteriocin"
"A3507","HigA family addiction module antitoxin"
"A35071","polymorphic toxin type 5 domain-containing protein"
"A35137","enterocin 1071A family bacteriocin"
"A35146","botulinum neurotoxin type E"
"A35234","type II toxin-antitoxin system toxin VapC"
"A35292","hemolysin activator protein"
"A35305","bacteriocin-like peptide BlpK"
"A35312","exotoxin A binding domain-containing protein"
"A35314","trifolitoxin family RiPP peptide"
"A35333","sphingomyelin phosphodiesterase-like hemolysin SphH"
"A35338","toxin-antitoxin system, antitoxin component, ribbon-helix-helix domain protein"
"A35359","heat-stable enterotoxin ST-I group a"
"A35395","polymorphic toxin type 4 domain-containing protein"
"A35472","toxin, beta-grasp domain protein"
"A35488","streptolysin S biosynthesis protein"
"A35560","type II toxin-antitoxin system antitoxin Xre"
"A35561","enterotoxin YacT"
"A35622","Insecticidal toxin complex protein TcaB (toxin complex protein)"
"A35632","enterotoxin I"
"A35655","streptococcal pyrogenic exotoxin SpeL"
"A35656","streptococcal pyrogenic exotoxin SpeM"
"A35724","hemolysin N-terminal domain-containing protein"
"A35740","pyocin R2, holin family protein"
"A35834","pretoxin"
"A35998","cholix toxin ChxA"
"A36003","ST-I family heat-stable enterotoxin"
"A36019","cytotoxic necrotizing factor CNF2"
"A36034","bacteriocin-associated integral membrane protein"
"A36046","colicin Z family toxin"
"A36052","hemolysin-like protein"
"A36069","bacteriocin-like peptide"
"A36115","Shiga toxin subunit B"
"A36116","Shiga-like toxin beta subunit"
"A3614","toxin-antitoxin system toxin DarT"
"A36148","TDH-related hemolysin TRH2"
"A3615","toxin-antitoxin system antitoxin DNA ADP-ribosyl glycohydrolase DarG"
"A3618","antitoxin VapB1"
"A3619","type II toxin-antitoxin system ribonuclease VapC1"
"A36276","pyocin large subunit"
"A36316","RTX family hemolysin ApxIA"
"A36317","RTX toxin-activating lysine-acyltransferase ApxIC"
"A36373","toxin-antitoxin system antidote"
"A36382","type II toxin-antitoxin system toxin serine/threonine-protein kinase HipA"
"A36463","bacteriocin secretion protein"
"A36497","pyocin killing protein"
"A36614","toxin-antitoxin system toxin subunit"
"A36626","cytolethal distending toxin protein C"
"A36646","cholesterol-dependent cytolysin vaginolysin"
"A36725","enterotoxin (HBL)"
"A36824","ADP-ribosylating toxin subunit ArtB"
"A36829","enterotoxin CPE"
"A36830","bacteriocin UviB"
"A36841","calcium-binding hemolysin protein"
"A3689","antitoxin"
"A3690","type II toxin-antitoxin system VapC family toxin"
"A36923","bacteriocin 51 precursor BacA"
"A36934","antitoxin ParD"
"A36952","cytolytic delta-endotoxin"
"A36983","hemolysin activator protein, HlyB family"
"A36988","iota toxin protein Ia"
"A3701","type II toxin-antitoxin system Phd/YefM family antitoxin"
"A37066","insecticidal toxin complex protein TccB"
"A37067","insecticidal toxin complex protein TccC"
"A37069","insecticidal toxin MCF"
"A37143","addiction module antitoxin, Axe domain protein"
"A37156","toxin-antitoxin system toxin component PIN family"
"A3718","toxin-antitoxin system toxin"
"A3719","type II toxin-antitoxin system antitoxin VapB2"
"A37191","lipid II-degrading bacteriocin PaeM"
"A37210","toxin-antitoxin system, toxin protein, HicA family"
"A37224","protein with bacteriocin-type signal sequence"
"A37243","insecticidal toxin complex"
"A37285","pertussis toxin ADP-ribosyltransferase subunit PtxA"
"A37286","pertussis toxin binding subunit PtxB"
"A37287","pertussis toxin subunit 4"
"A37288","pertussis toxin binding subunit PtxD"
"A37289","pertussis toxin binding subunit PtxE"
"A37304","RelB antitoxin"
"A37417","bacteriocin maturation protein"
"A37430","Pyocin large subunit-like protein"
"A37441","PHD family toxin-antitoxin system antitoxin component"
"A37508","toxin-antitoxin system, antitoxin component, AbrB family"
"A37558","toxin of addiction system"
"A37591","toxin-immunity protein system imunity protein CdiI2"
"A37592","putative hemolysin-like protein"
"A37670","botulinum neurotoxin type A"
"A37678","hemolysin BL-binding protein"
"A37702","TA system VapC family ribonuclease toxin"
"A37710","H354_08695 family bacteriocin-like peptide"
"A3774","type II toxin-antitoxin system PemK/MazF family toxin"
"A37741","bactofencin A family cationic bacteriocin"
"A37743","enterocin L50 family leaderless bacteriocin"
"A3775","antitoxin MazE"
"A37821","programmed cell death antitoxin MazE"
"A37822","colicin FY TonB-dependent receptor YuiR"
"A37826","ST-I family heat-stable enterotoxin YstB"
"A37828","pore-forming cytotoxin subunit YaxA"
"A37829","pore-forming cytotoxin subunit YaxB"
"A3785","heparin-binding hemagglutinin HbhA"
"A37878","circular bacteriocin, circularin A/uberolysin family"
"A37923","BLF1 family deaminating toxin"
"A37931","XopAJ/AvrRxo1 family type III secretion system effector zeta toxin"
"A38020","VapB-like antitoxin"
"A38078","heat-stable enterotoxin YstA"
"A3812","type II toxin-antitoxin system CcdA family antitoxin"
"A38139","selenobacteriocin"
"A38161","colicin Ia family protein"
"A38190","DNA-targeting ADP-ribosyltransferase toxin scabin"
"A3826","type II toxin-antitoxin system antitoxin VapB26"
"A3827","type II toxin-antitoxin system toxin ribonuclease C26"
"A38285","ADP-ribosylating toxin"
"A3829","type II toxin-antitoxin system toxin ribonuclease C4"
"A3830","type II toxin-antitoxin system antitoxin VapB4"
"A3831","type II toxin-antitoxin system antitoxin VapB27"
"A38354","bacteriocin production protein"
"A38360","cytolysin"
"A38364","cytolysin and hemolysin HlyA Pore-forming toxin"
"A3838","type II toxin-antitoxin system VapB family antitoxin"
"A38384","cytotoxin Mcf"
"A384","thiol protease/hemagglutinin PrtT"
"A38417","antitoxin MazE7"
"A38476","aerolysin-related pore-forming alpha-toxin"
"A38487","colicin V synthesis protein"
"A38488","hemolysin regulation protein AhpA"
"A38520","small toxic protein shoB"
"A38560","toxin YeeV"
"A38577","subtilase family AB5 toxin catalytic subunit EplA"
"A38578","toxin ArtA"
"A38610","cholesterol-dependent cytolysin inerolysin"
"A38667","serine protease autotransporter toxin Pet"
"A38674","staphylococcal enterotoxin type E"
"A38721","antitoxin RelB"
"A38723","colicin-V (microcin-V bacteriocin)"
"A38759","colicin-E9"
"A38760","pore-forming bacteriocin colicin S4"
"A38761","colicin-A"
"A38762","colicin S4 system lysis protein"
"A38777","pyocin-S3 immunity protein"
"A38797","Zonula occludens toxin"
"A38815","beta-barrel pore-forming toxin monalysin"
"A38907","protein killer gene system toxin"
"A38920","addiction module toxin"
"A38938","toxin of plasmid maintenance system"
"A38946","Insecticidal toxin complex protein tccz"
"A38979","toxin PirB"
"A39047","prevent host death protein Phd antitoxin"
"A39082","toxic cation resistance protein"
"A39086","toxin MazF"
"A39156","colicin-E2"
"A39159","toxin regulator"
"A3920","type II toxin-antitoxin system toxin endoribonuclease PemK"
"A39206","bacteriocin-like prepeptide"
"A39221","nuclease bacteriocin klebicin B"
"A39241","ETX/MTX2 family pore-forming toxin Cry23Aa"
"A39283","clostridial binary toxin A"
"A39378","insecticidal toxin complex protein"
"A39443","hint domain-/BECR-fold containing toxin"
"A39444","smi_0061 family bacteriocin-like peptide"
"A39455","TopAI-YjhQ toxin-antitoxin system toxin TopAI"
"A39658","bacteriocin-associated protein"
"A39731","restriction endonuclease fold toxin-2 domain-containing protein"
"A39734","toxin transporter"
"A39765","guanitoxin biosynthesis PLP-dependent (S)-gamma-hydroxy-L-arginine cyclodehydratase GntC"
"A39810","toxin-like protein"
"A39825","zeta toxin; poison-antidote element"
"A39826","toxin of the YeeV-YeeU toxin-antitoxin system"
"A3985","type II toxin-antitoxin system antitoxin VapB33"
"A3986","type II toxin-antitoxin system mRNA interferase RelE"
"A39885","Tc family toxin RHS repeat subunit TccC"
"A39886","Tc family toxin subunit TcaC"
"A39887","Tc family toxin subunit TcbA"
"A40005","trifolitoxin synthesis, TfuA"
"A40014","pore-forming bacteriocin colicin 10"
"A40015","colicin K immunity protein"
"A40111","toxin outer membrane protein"
"A40195","bacteriocin leader domain-containing protein"
"A40276","cytolethal distending toxin C"
"A40277","cytolethal distending toxin B"
"A40278","cytolethal distending toxin A"
"A40552","exotoxin-like protein"
"A40565","type II toxin-antitoxin system antitoxin RelB1"
"A40595","antitoxin protein relB-2"
"A40602","antitoxin RelB4"
"A40611","type II toxin-antitoxin system DNA replication inhibitor toxin SocB"
"A4067","type II toxin-antitoxin system antitoxin MazE4"
"A4068","type II toxin-antitoxin system toxin endoribonuclease MazF4"
"A40706","prevent-host-death family antitoxin"
"A40711","toxin Ldr, type I toxin-antitoxin system family protein"
"A40786","Pertussis toxin subunit 2"
"A40853","SPH_0227 family bacteriocin-like peptide"
"A4086","type II toxin-antitoxin system toxin ribonuclease VapC11"
"A40920","colicin S4 immunity protein"
"A40955","pyrogenic exotoxin SpeK"
"A40987","neuraminyllactose-binding hemagglutinin-like domain protein"
"A41014","Heat-stable enterotoxin II"
"A41018","superantigen YpM"
"A41019","toxin subunit"
"A41021","lactococcin G-alpha/enterocin 1071A family bacteriocin"
"A41022","epsilon-toxin family protein"
"A41025","Larvicidal toxin protein"
"A41267","ETX/MTX2 family pore-forming toxin Cry64Ba"
"A41268","ETX/MTX2 family pore-forming toxin Cry64Ca"
"A41315","type II toxin-antitoxin system HipA family toxinoxin YjjJ"
"A41399","cytolethal distending toxin subunit Ch-CdtA"
"A41400","cytolethal distending toxin subunit Ch-CdtC"
"A41423","pore-forming bacteriocin colicin K"
"A41490","exfoliative toxin D"
"A41496","hemagglutinin family protein"
"A41537","Shiga toxin Stx2b subunit A"
"A41538","Shiga toxin Stx2b subunit B"
"A41711","colicin R system lysis protein"
"A41717","peptidase C39 bacteriocin processing"
"A41718","hemolytic enterotoxin"
"A41800","Pertussis toxin subunit 1"
"A41817","dermonecrotic toxin ToxA"
"A4187","type II toxin-antitoxin system antitoxin MazE5"
"A4188","type II toxin-antitoxin system toxin HigB"
"A4189","type II toxin-antitoxin system antitoxin HigA"
"A4191","type II toxin-antitoxin system ParD family antitoxin"
"A41947","CcdB-like toxin protein"
"A41953","RelE-like Cytotoxic translational repressor of toxin-antitoxin stability system"
"A42009","colicin-like protein"
"A4201","type II toxin-antitoxin system toxin endoribonuclease MazF6"
"A42028","Shiga toxin Stx1c subunit A"
"A42029","Shiga toxin Stx1c subunit B"
"A42030","colicin 10 lysis protein"
"A42031","Cki family colicin immunity protein"
"A42175","hemolysin BL lytic component L2"
"A4218","type II toxin-antitoxin system antitoxin MazE7"
"A4219","type II toxin-antitoxin system toxin endoribonuclease MazF7"
"A42288","thermostable hemolysin delta-VPH"
"A42359","programmed cell death antitoxin PemI"
"A42375","antitoxin, Phd family protein"
"A42384","putative bacteriocin-associated integral membrane protein"
"A42389","programmed cell death antitoxin"
"A42403","iron-regulated heparin-binding hemagglutinin HbhA"
"A42408","type II toxin-antitoxin system antitoxin Phd"
"A4242","antitoxin ParD2"
"A42485","actin cross-linking domain-containing toxin"
"A42524","trifolitoxin immunity domain-containing protein"
"A42544","anthrolysin O/cereolysin O family cholesterol-dependent cytolysin"
"A42658","structural toxin protein RtxA"
"A42678","temperature-sensitive protease autotransporter hemagglutinin Tsh"
"A42731","type-2Ba cytolytic delta-endotoxin"
"A42732","ETX/MTX2 family pore-forming toxin Cry60Aa"
"A42734","toxin TccC3"
"A4275","antitoxin VapB16"
"A42871","toxin secretion, membrane fusion protein"
"A42890","antitoxin VapB"
"A4290","type II toxin-antitoxin system antitoxin MazE8"
"A42953","lantibiotic cytolysin"
"A43023","CAMP factor pore-forming toxin Cfg"
"A43174","colicin 10 immunity protein"
"A43242","Putative Cytolethal distending toxin type IV subunit A"
"A43256","colicin V secretion protein CvaA"
"A43261","serine protease autotransporter toxin EspC"
"A43345","toxin-antitoxin system protein HicB"
"A43363","bacteriocin BlpN"
"A43476","toxin subunit Set1A"
"A43495","Colicin-Ia immunity protein"
"A43500","hemagglutinin-related protein"
"A43549","bacteriocin ABC transporter permease"
"A4365","antitoxin VapB39"
"A4368","type II toxin-antitoxin system toxin 23S rRNA-specific endonuclease VapC20"
"A4369","type II toxin-antitoxin system antitoxin VapB20"
"A43734","Apre_1838 family putative sactipeptide bacteriocin"
"A43741","cytolethal distending toxin type III subunit CdtA"
"A43742","cytolethal distending toxin type III subunit CdtC"
"A4379","antitoxin VapB41"
"A43899","bacteriocin processing peptidase"
"A43902","streptolysin S biosynthesis protein SagD"
"A43920","lactobin A/cerein 7B family class IIb bacteriocin"
"A43957","CNF1 family cytotoxic necrotizing factor"
"A4397","antitoxin MazE family protein"
"A44014","cytotoxin Leucocidin"
"A4402","type II toxin-antitoxin system toxin"
"A4403","type II toxin-antitoxin system antitoxin"
"A44050","type II toxin-antitoxin system antitoxin YobK"
"A44215","toxin-antitoxin system, antitoxin component, HicB domain protein"
"A44241","toxin-antitoxin system, antitoxin component, Xre domain protein"
"A44249","leukocidin subunit S"
"A44293","iota toxin component Ia"
"A44297","DddA-like double-stranded DNA deaminase toxin"
"A44314","colicin 10"
"A44342","botulinum neurotoxin type X"
"A4443","type II toxin-antitoxin system toxin ribonuclease C21"
"A4451","type II toxin-antitoxin system toxin endoribonuclease MazF9"
"A4452","type II toxin-antitoxin system antitoxin MazE9"
"A44522","bacteriocin colicin N"
"A44523","colicin N immunity protein"
"A44527","binary exotoxin B/Anthrax toxin B moiety protective antigen"
"A44592","leukotoxin"
"A44609","LsbB family leaderless bacteriocin"
"A44620","HicA family toxin-antitoxin system"
"A4470","antitoxin VapB23"
"A4471","type II toxin-antitoxin system antitoxin RelF"
"A44734","xre family toxin-antitoxin system"
"A44735","bacteriocin operon protein ScnG"
"A44741","transporter trans-membrane domain bacteriocin immunity protein"
"A44812","insecticidal toxin complex protein C1"
"A44857","antitoxin epsilon"
"A44888","insecticidal toxin complex protein TcaC"
"A44895","type II toxin-antitoxin system NAD+ phosphorylase toxin Res"
"A44897","insecticidal toxin complex protein TccA"
"A44918","CA_C0660 family putative sactipeptide bacteriocin"
"A44924","pore-forming bacteriocin colicin Y"
"A45160","toxin-antitoxin system, toxin component, HicA family protein"
"A45163","colicin V biosynthesis protein"
"A45184","toxin-plasmid maintenance system killer protein"
"A45275","streptolysin associated protein SagD"
"A4530","type II toxin-antitoxin system antitoxin MazE3"
"A4531","type II toxin-antitoxin system toxin endoribonuclease MazF3"
"A45323","hemagglutinin/hemolysin-like protein"
"A45418","bacteriocin microcin"
"A45476","toxin secretion/phage lysis holin"
"A45489","colicin V production protein CvpA"
"A4549","type IV toxin-antitoxin system AbiEi family antitoxin domain-containing protein"
"A45523","smi_0057.1 family bacteriocin-like peptide"
"A45524","smi_0059.1 family bacteriocin-like peptide"
"A45543","exfoliative toxin A/B"
"A45602","HlyJ hemolysin-like protein"
"A45700","PHD family toxin-antitoxin system"
"A4573","antitoxin VapB9"
"A45784","antitoxin VapB28"
"A45785","antitoxin VapB30"
"A45804","antitoxin VapB36"
"A45812","antitoxin VapB40"
"A45845","death on curing protein, Doc toxin"
"A45873","bacteriocin, lactobin A family protein"
"A45909","Shiga toxin Stx2j subunit A"
"A45922","antitoxin Xre-like helix-turn-helix domain-containing protein"
"A45952","hemolysin II"
"A46030","pertussis toxin"
"A46079","staphylococcal enterotoxin type 31"
"A46080","staphylococcal enterotoxin type 32"
"A46442","colicin uptake-like protein"
"A46552","bacteriocin, lactococcin 972 family protein"
"A46560","HicA family toxin-antitoxin system toxin component"
"A46606","Putative hemolysin"
"A4664","antitoxin VapB7"
"A4677","type II toxin-antitoxin system toxin ribonuclease C30"
"A46771","botulinum/tetanus neurotoxin translocation domain-containing protein"
"A4678","type II toxin-antitoxin system antitoxin VapB30"
"A46790","RTX toxin GtxA"
"A4680","type II toxin-antitoxin system ribonuclease VapC29"
"A4681","antitoxin VapB29"
"A4694","type II toxin-antitoxin system antitoxin RelJ"
"A47061","ribosome-dependent mRNA interferase toxin YafQ"
"A47062","antitoxin/DNA-binding transcriptional repressor DinJ"
"A47065","antitoxin YafN"
"A47066","ribosome-dependent mRNA interferase toxin YafO"
"A47075","toxin of the YkfI-YafW toxin-antitoxin system"
"A47076","antitoxin of the YkfI-YafW toxin-antitoxin pair"
"A47090","orphan antitoxin YagB"
"A47214","hemolysin expression-modulating protein Hha"
"A47725","small toxic polypeptide LdrA"
"A47726","small toxic polypeptide LdrC"
"A47820","endodeoxyribonuclease toxin RalR"
"A4785","antitoxin VbhA family protein"
"A47878","toxin HokB"
"A47892","mRNA interferase toxin HicA"
"A47893","antitoxin of the HicA-HicB toxin-antitoxin system/ DNA-binding transcriptional repressor HicB"
"A47944","serine/threonine-protein kinase toxin HipA"
"A47945","antitoxin/DNA-binding transcriptional repressor HipB"
"A4797","antitoxin VapB48"
"A47992","toxic protein HokD"
"A47993","mRNA interferase toxin RelE"
"A47994","antitoxin/DNA-binding transcriptional repressor RelB"
"A48290","cytoskeleton bundling-enhancing antitoxin CbeA"
"A48291","cytoskeleton-binding toxin CbtA"
"A48303","ribosome-dependent mRNA interferase toxin YoeB"
"A48304","YefM antitoxin of the YoeB-YefM toxin-antitoxin pair and DNA binding transcriptional repressor"
"A48334","toxic peptide IbsA"
"A48335","putative toxic peptide IbsB"
"A48531","toxic protein YodE"
"A48653","putative toxic protein TimP"
"A48689","toxic peptide ShoB"
"A48724","ribosome association toxin RatA"
"A48732","RNase LS, toxin of the RnlAB toxin-antitoxin system"
"A48733","antitoxin RnlB"
"A48745","putative antitoxin of the YpjF-YfjZ toxin-antitoxin system"
"A48746","toxin of the YpjF-YfjZ toxin-antitoxin system"
"A48829","endoribonuclease toxin MazF"
"A48830","antitoxin of the MazF-MazE toxin-antitoxin system MazE"
"A48902","hemolysin-III family protein YqfA"
"A48911","toxic peptide IbsC"
"A4892","necrotizing toxin immunity factor IFT"
"A4893","outer membrane channel protein/necrotizing toxin glycohydrolase CpnT"
"A48983","antitoxin of the MqsRA toxin-antitoxin system/DNA-binding transcriptional repressor MqsA"
"A48984","mRNA interferase toxin MqsR"
"A49004","putative toxic peptide IbsD"
"A49005","toxic peptide IbsE"
"A49022","antitoxin/DNA-binding transcriptional repressor HigA"
"A49023","ribosome-dependent mRNA interferase toxin HigB"
"A4905","colicin M resistance lipid reductase CbrA"
"A49056","antitoxin PrlF"
"A49057","ribosome-dependent mRNA interferase toxin YhaV"
"A4914","type I toxin-antitoxin system toxin TisB"
"A49310","membrane toxin DinQ"
"A49340","small toxic polypeptide LdrD"
"A49353","small toxic polypeptide"
"A49439","membrane-depolarizing toxin TisB"
"A49749","antitoxin of the GhoTS toxin-antitoxin system"
"A49750","toxin of the GhoTS toxin-antitoxin system"
"A4977","type I toxin-antitoxin system toxin HokA"
"A49811","ChpS antitoxin of the ChpB-ChpS toxin-antitoxin system"
"A49829","DUF386 domain-containing toxin-antitoxin biofilm protein TabA"
"A49867","putative acetyltransferase TopAI antitoxin YjhQ"
"A49868","toxin of the TopAI-YjhQ toxin-antitoxin system, TopA inhibitor"
"A49931","toxin YjjJ"
"A4995","type I toxin-antitoxin system toxin Ldr family protein"
"A50035","non-hemolytic enterotoxin B"
"A50038","toxin secretory dynamin-like GTPase LeoA"
"A50091","hydrophobic toxin"
"A50113","type II toxin-antitoxin system toxin ribonuclease YqcG"
"A50114","type II toxin-antitoxin system antitoxin YqcF"
"A50115","Toxic peptide TxpA"
"A50142","fic family toxin-antitoxin system"
"A50145","hyaluronoglucosaminidase superfamily protein"
"A50149","transcriptional modulator of MazE/toxin MazF"
"A50172","enterococcus pore-forming toxin Epx"
"A50228","type II toxin-antitoxin system toxin endoribonuclease Nob1"
"A50233","type II toxin-antitoxin system toxin ribonuclease VapC9"
"A50280","hemolysin-type calcium-binding repeat family protein"
"A50288","hemolysin/hemagglutinin-like protein HecA precursor"
"A50289","Insecticial toxin"
"A50290","Txp40, insecticidal toxin (previously name A24tox)"
"A50294","insecticidal toxin complex protein TcaA"
"A50295","insecticidal toxin complex protein TcaB"
"A50296","insecticidal toxin complex protein TcbA"
"A50322","heat-stable enterotoxin YstB"
"A50324","PIN family toxin-antitoxin system, toxin component"
"A50347","toxin YafO type II toxin-antitoxin system family protein"
"A50375","type I addiction module toxin, Fst family"
"A50458","post-segregation antitoxin CcdA"
"A50486","putative secreted Ca2+-binding toxin"
"A50626","Shiga toxin Stx2 subunit A, e/i/l/k subtype"
"A50686","antitoxin ChpS"
"A50788","Shiga toxin Stx1d subunit B"
"A50789","Shiga toxin Stx1d subunit A"
"A50794","hemolysin BL lytic component L1"
"A50828","heat-stable enterotoxin YstC"
"A50939","antitoxin AF2212-like protein"
"A50955","toxin-antitoxin stability system antitoxin protein StbD"
"A51111","pyocin-S2"
"A51114","laterosporulin family class IId bacteriocin"
"A51230","antitoxin, RHH family protein"
"A51266","leaderless bacteriocin"
"A51329","hemolysin expression modulating family protein"
"A51339","antitoxin MazE5"
"A51364","superantigen MAM"
"A51516","S-type pyocin domain protein"
"A51555","AbrB family toxin-antitoxin system antitoxin"
"A51616","C component of insecticidal toxin complex"
"A51678","bacteriocin hiracin-JM79 domain protein"
"A51730","plasmid stability protein StbD, antitoxin of toxin-antitoxin stability system"
"A51783","SitA3 family lipoprotein polymorphic toxin"
"A51806","streptolysin S family bacteriocin"
"A5190","type II toxin-antitoxin system ribonuclease toxin YhaV"
"A51904","VIP2 family actin-ADP-ribosylating toxin"
"A5191","type II toxin-antitoxin system antitoxin PrlF"
"A51923","putative RTX toxin-like gene"
"A51941","type IV pilus, mannose-sensitive hemagglutinin D (MSHN)"
"A51942","type IV pilus, mannose-sensitive hemagglutinin protein MshF"
"A52062","antitoxin HicB family protein"
"A52087","gamma-hemolysin subunit A"
"A52110","cholera enterotoxin subunit B"
"A52170","Stability protein StbD (antitoxin)"
"A52188","binary exotoxin A"
"A52244","class II bacteriocin garvicin Q"
"A52246","toxin of toxin-antitoxin system"
"A52266","leukotoxin LktA like protein"
"A52290","colicin E5 immunity protein"
"A52383","type I toxin-antitoxin system toxin"
"A5239","type I toxin-antitoxin system toxin IbsE"
"A5240","type I toxin-antitoxin system Ibs family toxin"
"A52446","vacuolating cytotoxin family protein"
"A52495","botulinum neurotoxin type D"
"A52497","cytotoxin FitD"
"A52498","cytotoxic necrotizing factor CNF3"
"A52550","hemolysin BL-binding component precursor"
"A52570","colicin pore forming domain protein"
"A52628","putative toxic compound resistance protein"
"A52822","putative toxic compound adaptation protein (tellurite resistance)"
"A52875","putative type I toxin"
"A52936","endoribonuclease toxin"
"A5327","type I toxin-antitoxin system toxin IbsC"
"A53396","three component toxin / antitoxin / antitoxin SpoIISABC, antitoxin C"
"A53397","three-component apoptotic control system component B (antitoxin B)"
"A53398","three-component apoptosis factor (ABC toxin/antitoxin/antitoxin system)"
"A53509","putative type I toxin (toxin I motif)"
"A53510","putative antitoxin"
"A5361","GhoT/OrtT family toxin"
"A53688","small toxic metabolite efflux transporter subunit"
"A53780","putative toxin of a toxin / antitoxin system"
"A53781","putative antitoxin of a toxin / antitoxin system; putative transcriptional regulator"
"A53798","small regulatory antitoxin RNA, toxin-antitoxin type I system (BsrE/AsrE)"
"A53799","type I toxin (BsrE/AsrE)"
"A53801","antitoxin inhibiting Rnase RttL"
"A53802","phage toxin ribonuclease; putative defective prophage 6"
"A53834","putative N-acetylated toxic metabolites"
"A53850","putative toxin of a type I toxin family (sporulation operon)"
"A53871","putative type I toxin; phage SPbeta"
"A53902","conserved protein of unknown function (toxin/antitoxin island); phage SPbeta"
"A53903","antisense RNA of toxin SpbT"
"A53904","toxin; phage SPbeta"
"A53928","phage toxin; type I toxin-antitoxin system"
"A53929","antitoxin small RNA"
"A5413","type II toxin-antitoxin system antitoxin MazE"
"A54180","phage ribonuclease toxin; skin element"
"A54181","antitoxin factor of ribonuclease toxin RttG; skin element"
"A54190","toxic peptide of toxin-antitoxin system; skin element"
"A54191","antisense RNA controlling synthesis of TxpA, membrane associated toxin of a toxin antitoxin system; skin element"
"A54192","skin region; type I toxin"
"A54193","antitoxin RNA"
"A54241","deglycase; general stress protecting enzyme; protects against methylglyoxal toxicity"
"A54510","putative bacteriocin"
"A54813","putative ribonuclease antitoxin"
"A54814","putative ribonuclease toxin"
"A54874","putative bacteriocin-like product"
"A54891","toxic compound efflux transporter (may export homoserine)"
"A54894","putative toxic excess metabolite exporter"
"A54988","antitoxin of WapA tRNase"
"A54992","antitoxin factor of the RttD-RttE toxin-antitoxin system"
"A54993","ribonuclease toxin of the RtbD-RtbE toxin-antitoxin system"
"A55090","putative toxin-antitoxin system, antitoxin component, ribbon-helix-helix domain protein"
"A5520","type II toxin-antitoxin system RnlA family toxin"
"A5521","type II toxin-antitoxin system RnlB family antitoxin"
"A5522","type II toxin-antitoxin system toxin RatA"
"A55227","plasmid stabilization system toxin protein"
"A55228","plasmid stabilization system antitoxin protein"
"A55391","toxin-antitoxin system antitoxin RelB"
"A55392","toxin-antitoxin system antitoxin RelE"
"A5543","type I toxin-antitoxin system toxin ShoB"
"A55526","toxin subunit s1"
"A55557","staphylococcal enterotoxin type C1/U"
"A55588","pyocin protein"
"A5561","small toxic inner membrane protein TimP"
"A55622","bacteriocin biosynthesis protein SagD"
"A55632","cytolethal distending toxin nuclease subunit Ch-CdtB"
"A55675","hemolysin-type calcium-binding domain-containing protein"
"A55708","bacteriocin-protection protein"
"A55736","hemolysin-type calcium-binding bacteriocin"
"A55738","cytotoxic necrotizing factor 1"
"A55744","colicin E7"
"A55769","class IIb bacteriocin STH2"
"A55770","class IIb bacteriocin STH1"
"A55819","Shiga toxin Stx1 subunit B"
"A55909","antitoxin YefM"
"A55910","small toxic protein IbsA"
"A55977","antitoxin CptB"
"A56082","toxin of GhoTS toxin-antitoxin pair; membrane-lytic protein; stimulator of persister cell formation"
"A56242","toxin CcdB"
"A56243","antitoxin CcdA"
"A56246","colicin M"
"A56341","toxin YafO"
"A56443","cholesterol-dependent cytolysin tetanolysin O"
"A56447","tetanus neurotoxin TetX"
"A56554","superantigen-like protein 5"
"A56555","superantigen-like protein 7"
"A56667","enterotoxin family protein"
"A56684","leukotoxin LukD"
"A56685","leukotoxin LukE"
"A5672","colicin V production protein"
"A56773","gamma-hemolysin h-gamma-II subunit"
"A56774","leukocidin s subunit"
"A56775","leukocidin f subunit"
"A56835","HigA protein (antitoxin to HigB)"
"A56969","type II toxin-antitoxin system antitoxin ParD3"
"A56970","HicA-related toxin-antitoxin protein"
"A56971","antitoxin protein relB-3"
"A56973","zonular occludens toxin, zot-like protein"
"A56975","hemolysin C"
"A57016","cytolysin immunity protein CylI"
"A57050","CDI system double-stranded DNA deaminase toxin DddA"
"A57142","antidote-toxin recognition MazE"
"A57163","RTX toxin related protein"
"A57313","hemagglutinin component HA17"
"A57338","beta-channel forming cytolysin CytK"
"A57353","ST-I family heat-stable enterotoxin YstC"
"A57370","exfoliative exotoxin B"
"A57458","toxin VapC"
"A57519","antitoxin DinJ"
"A57556","guanitoxin biosynthesis PLP-dependent transaminase GntE"
"A57654","type II toxin-antitoxin system toxin endoribonuclease HigB"
"A57655","type II toxin antitoxin system addiction module antidote protein HigA"
"A57727","antitoxin of toxin-antitoxin (TA) system"
"A57739","conotoxin LiCr95"
"A57814","murine toxin"
"A57840","botulinum neurotoxin type C"
"A57863","class IIc cyclic bacteriocin plantaricyclin A"
"A57911","bacteriocin class II with double-glycine leader peptide"
"A57949","mosquitocidal toxin protein"
"A57950","enterotoxin C"
"A5803","type I toxin-antitoxin system toxin IbsA"
"A5837","YoeB-YefM toxin-antitoxin system antitoxin YefM"
"A5838","type II toxin-antitoxin system mRNA interferase toxin YoeB"
"A5848","type IV toxin-antitoxin system cytoskeleton-binding toxin CbtA"
"A5849","type IV toxin-antitoxin system YeeU family antitoxin"
"A58540","necrotizing enteritis toxin NetB"
"A58608","toxin YkfI"
"A58612","shET2 enterotoxin"
"A5867","toxic metabolite efflux MATE transporter YeeO"
"A58715","leukotoxin secretion protein D"
"A58742","toxin-antitoxin system toxin component HicA family"
"A58803","prevent-host-death protein antitoxin of TAS system"
"A58927","mosquitocidal toxin"
"A58929","thiopeptide-type bacteriocin biosynthesis domain-containing protein"
"A58993","antitoxin VapB24"
"A59019","antitoxin VapB2"
"A59054","toxin MazF1"
"A59055","antitoxin MazE1"
"A59076","antitoxin VapB26"
"A59085","antitoxin VapB4"
"A59087","antitoxin VapB27"
"A59096","antitoxin VapB5"
"A59104","antitoxin VapB6"
"A59105","toxin MazF2"
"A59106","antitoxin MazE2"
"A59108","antitoxin VapB8"
"A59127","antitoxin VapB31"
"A59220","antitoxin MazE3"
"A59221","antitoxin VapB32"
"A59260","antitoxin VapB33"
"A59292","antitoxin VapB10"
"A59318","antitoxin MazE4"
"A59336","antitoxin VapB11"
"A59366","antitoxin VapB12"
"A59368","antitoxin VapB34"
"A59394","antitoxin VapB13"
"A59419","toxin MazF5"
"A59420","antitoxin VapB14"
"A59422","toxin HigB"
"A59423","antitoxin HigA"
"A59424","toxin ParE1"
"A59425","antitoxin ParD1"
"A59427","antitoxin VapB35"
"A59439","antitoxin MazE6"
"A59445","antitoxin VapB15"
"A59469","antitoxin VapB37"
"A59477","toxin ParE2"
"A59506","antitoxin MazE8"
"A59564","antitoxin VapB38"
"A59571","antitoxin VapB17"
"A59578","antitoxin VapB18"
"A59580","antitoxin VapB19"
"A59583","antitoxin VapB20"
"A59614","antitoxin VapB21"
"A59616","antitoxin VapB42"
"A59627","antitoxin MazE9"
"A59634","antitoxin VapB22"
"A59646","antitoxin RelF"
"A59647","toxin RelG"
"A59648","antitoxin VapB43"
"A59719","antitoxin VapB45"
"A59748","antitoxin VapB44"
"A59761","antitoxin RelJ"
"A59762","toxin RelK"
"A59767","antitoxin VapB46"
"A59772","antitoxin VapB47"
"A59956","epsilon toxin type B"
"A59971","delta endotoxin-like protein"
"A60020","antitoxin Phd_YefM type II toxin-antitoxin system"
"A60052","bacteriocin, lactococcin A1 family protein"
"A60080","Toxin corregulated pilus biosynthesis protein E"
"A60081","metalloendopeptidase with exotoxin activity"
"A60133","hemolysin activation/secretion protein-1"
"A6022","type V toxin-antitoxin system endoribonuclease antitoxin GhoS"
"A60222","Zeta toxin of the postsegregational killing system"
"A60310","colicin E2 tolerance protein CbrC-like protein"
"A60333","antitoxin protein parD-1"
"A60354","enterotoxin domain protein"
"A60524","cytolethal distending toxin nuclease subunit CdtB"
"A60532","Shiga toxin Stx2g subunit B"
"A60533","Shiga toxin Stx2g subunit A"
"A60568","antitoxin YeeU"
"A60572","YkfI toxin protein"
"A60676","anthrax toxin LF subunit"
"A60715","polymorphic toxin type 6 domain-containing protein"
"A60719","Combined Leucocidin/ASH4 hemolysin"
"A61015","toxic ion resistance protein"
"A61175","toxin-antitoxin system, antitoxin component, PHD family protein"
"A61206","hemolysin-type calcium-binding region, RTX"
"A61321","toxin-antitoxin system, toxin component, PIN domain protein"
"A61340","hemolysin domain protein"
"A61341","colicin-Ia"
"A61386","RTX toxins and related Ca2+-binding protein-like protein"
"A6148","type II toxin-antitoxin system antitoxin HipB"
"A6149","type II toxin-antitoxin system serine/threonine protein kinase toxin HipA"
"A61558","filamentous hemagglutinin family outer membrane protein"
"A61630","putative bacteriocin transport accessory protein"
"A61734","Shiga toxin Stx2k subunit B"
"A61735","Shiga toxin Stx2k subunit A"
"A6181","orphan toxin OrtT"
"A6184","type II toxin-antitoxin system antitoxin HicB"
"A61864","beta2-toxin"
"A6198","type I toxin-antitoxin system toxin HokB"
"A62011","enterotoxin type A"
"A62086","hemolysin III family channel protein"
"A62099","cytotoxic translational repressor"
"A62106","addiction module toxin, Txe/YoeB"
"A62142","ADP-ribosylating-like toxin"
"A62278","RelE/StbE family addiction module toxin"
"A62313","hemolysin-activating lysine-acyltransferase HlyC"
"A62416","SPPN_00645 family bacteriocin-like peptide"
"A62517","botulinum neurotoxin N-terminal receptor binding domain-containing protein"
"A62585","zona occludens toxin-like protein"
"A62596","botulinum neurotoxin type G"
"A62601","hemolysin BL lytic protein L2"
"A62607","Toxin-antitoxin system/ Plasmid stability protein"
"A62645","staphylococcal enterotoxin type T"
"A62646","staphylococcal enterotoxin type S"
"A62688","putative RTX toxin"
"A62746","toxin-antitoxin system, antitoxin component, PHD domain protein"
"A62791","inseCt neurotoxin 1c"
"A62792","insecticidal toxin complex protein TcaB2"
"A6309","hemolysin HlyE"
"A63133","beta-channel forming toxin NetE"
"A63134","necrotizing enteritis toxin NetF"
"A63176","antitoxin of the YafO-YafN toxin-antitoxin system"
"A63221","colicin uptake protein TolQ"
"A63373","bifunctional antitoxin/transcriptional repressor RelB"
"A63911","addiction module toxin YoeB"
"A6398","addiction module toxin, GnsA/GnsB family"
"A64445","hemolytic phospholipase C"
"A64484","pyocin-S2 immunity protein"
"A64583","hydrogen cyanide synthase subunit HcnA"
"A64584","hydrogen cyanide synthase subunit HcnB"
"A64585","hydrogen cyanide synthase subunit HcnC"
"A64990","toxin protein VapC"
"A64991","antitoxin protein VapB"
"A65066","YjhX toxin domain protein"
"A65170","toxin protein module HipA"
"A65182","antitoxin protein"
"A65183","BrnT-related ribonuclease toxin"
"A65222","FhaC-family hemolysin activation/secretion protein"
"A65305","toxin protein relE1"
"A65306","antitoxin protein relB-1"
"A65323","VapC-like PIN domain ribonuclease toxin"
"A65324","MazE-like antitoxin protein"
"A65338","toxin protein parE1"
"A65387","antitoxin protein parD2"
"A65388","toxin protein parE2"
"A6543","colicin uptake protein TolR"
"A65749","calcium-binding RTX toxin-related protein"
"A65875","toxin protein relE2"
"A65924","type II toxin-antitoxin system toxin protein parE3"
"A65925","type II toxin-antitoxin system antitoxin protein parD3"
"A65961","toxin protein relE3"
"A65984","toxin protein parE4"
"A65985","antitoxin protein parD4"
"A66015","anti-toxin protein relB-4"
"A66016","toxin protein relE4"
"A66081","type II toxin-antitoxin system doc family toxin"
"A66082","SpoVT-AbrB family transcription factor, phd antitoxin"
"A66119","hemolysin III-related membrane protein"
"A66123","DNA replication inhibitor toxin SocB"
"A66124","antitoxin protein SocA"
"A66176","pyocin large subunit family protein"
"A6625","type I toxin-antitoxin system toxin HokE"
"A66277","colicin M resistance protein CbrA"
"A66300","toxic anion resistance"
"A66374","calcium binding hemolysin protein, putative"
"A66421","heat-labile enterotoxin alpha chain"
"A66492","hemagglutinin domain protein"
"A66564","Mannose-sensitive hemagglutinin D (mshD)"
"A66612","heat-labile enterotoxin subunit alpha"
"A66722","outer membrane protein receptor / transporter for ferrichrome, colicin M, and phages T1, T5, and phi80"
"A6677","Hha toxicity modulator TomB"
"A66812","nucleoside channel; receptor of phage T6 and colicin K"
"A66847","hemolysin expression modulating protein (involved in environmental regulation of virulence factors)"
"A66895","outer membrane porin, receptor for ferric enterobactin (enterochelin) and colicins B and D"
"A672","type IV toxin-antitoxin system AbiEi family antitoxin"
"A67237","MarR family transcriptional regulator for hemolysin"
"A673","nucleotidyl transferase AbiEii/AbiGii toxin family protein"
"A67613","membrane protein required for colicin V production"
"A6801","type II toxin-antitoxin system antitoxin DinJ"
"A6802","type II toxin-antitoxin system mRNA interferase toxin YafQ"
"A68240","outer membrane receptor for transport of vitamin B12, E colicins, and bacteriophage BF23"
"A68277","putative ABC-type bacteriocin/lantibiotic exporter"
"A68339","putative hemolysin-related protein"
"A68393","tolerance to colicin E2 protein"
"A68410","toxin addiction system: antidote"
"A68411","toxin addiction system: toxin"
"A68445","RTX toxin protein"
"A68740","putative hemolysin activator"
"A68753","bifunctional hemolysin-adenylate cyclase"
"A68814","tolerance to group A colicins, single-stranded filamentous DNA phage, required for OM integrity"
"A68852","putative membrane protein required for colicin V production (CvpA)"
"A6892","type I toxin-antitoxin system toxin MokC"
"A68920","tolerance to group A colicins, single-stranded DNA filamentous phage, required for OM integrity"
"A68923","tolerance to colicins E2, E, A, and K, required for OM integrity"
"A68986","putative hemolysin III (HLY-III)"
"A69304","ThmA bacteriocin"
"A69454","hemolysin activation/secretion protein"
"A69468","filamentous hemagglutinin-like protein"
"A69557","predicted toxin of the YafQ-DinJ toxin-antitoxin system"
"A69558","antitoxin of YafQ-DinJ toxin-antitoxin system"
"A69561","mRNA interferase toxin of the YafO-YafN toxin-antitoxin system"
"A69622","Hha toxicity attenuator TomB"
"A6964","TA system toxin CbtA family protein"
"A69647","small toxic membrane polypeptide HokE"
"A69698","colicin transporter TolQ"
"A69699","colicin transporter TolR"
"A6971","type II toxin-antitoxin system RelB/DinJ family antitoxin"
"A6976","toxin-antitoxin biofilm protein TabA"
"A69804","Shiga toxin 2 subunit A"
"A69805","Shiga toxin 2 subunit B"
"A69819","hemolysin activator-related protein"
"A69831","antitoxin of toxin-antitoxin system"
"A6985","endoribonuclease toxin ChpB"
"A6986","type II toxin-antitoxin system antitoxin ChpS"
"A69889","toxic polypeptide"
"A69941","mRNA interferase toxin of the HicAB toxin-antitoxin system"
"A69942","antitoxin for the HicAB toxin-antitoxin system"
"A70028","extracellular Colicin M immunity family protein"
"A70094","Shiga toxin 1 subunit B"
"A70095","Shiga toxin 1 subunit A"
"A70104","colicin IA outer membrane receptor and translocator"
"A7018","lipoprotein toxin entericidin B"
"A7019","lipoprotein antitoxin entericidin A"
"A70260","mRNA interferase toxin"
"A70301","toxin of CptAB toxin-antitoxin pair"
"A70304","hemolysin III family HylIII inner membrane protein"
"A7033","type V toxin-antitoxin system toxin GhoT"
"A70342","antitoxin of the HigB-HigA toxin-antitoxin system"
"A70343","mRNA interferase toxin of the HigB-HigA toxin-antitoxin system"
"A70359","antitoxin of the SohA(PrlF)-YhaV toxin-antitoxin system"
"A70360","toxin of the SohB(PrlF)-YhaV toxin-antitoxin system"
"A70410","antitoxin for Fic"
"A70527","toxic membrane persister formation peptide"
"A70642","antitoxin of GhoTS toxin-antitoxin system"
"A70643","toxin of GhoTS toxin-antitoxin pair"
"A70665","antitoxin of the ChpBS toxin-antitoxin system"
"A70666","toxin of the ChpB-ChpS toxin-antitoxin system"
"A70686","toxic peptide regulated by antisense sRNA symR"
"A70714","hemolysin A"
"A70853","addiction module toxin, RelE/StbE family"
"A70862","antitoxin ParD protein"
"A70903","putative metalloprotease, Hemolysin-type calcium-binding region (rtxA)"
"A70921","RTX toxins and-related Ca2+-binding protein"
"A71019","bacteriocin biosynthesis cyclodehydratase SagC family"
"A71079","pore-forming bacteriocin colicin R"
"A71080","colicin R immunity protein"
"A7112","ShET2/EspL2 family type III secretion system effector toxin"
"A71131","bacteriocin formation protein"
"A71247","botulinum neurotoxin type H"
"A71253","Shiga toxin Stx2h subunit B"
"A71254","Shiga toxin Stx2h subunit A"
"A71342","colicin V precursor"
"A71372","pyrogenic exotoxin C precursor, phage associated, putative"
"A71437","antitoxin HicB family"
"A71477","toxin higb- component of a toxin-antitoxin loci"
"A7280","colicin V"
"A7281","colicin V immunity protein"
"A7282","colicin-B"
"A7283","colicin B immunity protein"
"A7284","lipid II-degrading bacteriocin colicin M"
"A7285","colicin M immunity protein"
"A7293","type II toxin-antitoxin system antitoxin PemI"
"A7301","toxin-antitoxin system antitoxin VapB"
"A7333","type I toxin-antitoxin system Hok family toxin"
"A7474","type I toxin-antitoxin system toxin HokD"
"A7477","toxin YdaT family protein"
"A7597","colicin E1 family microcin immunity protein"
"A7599","enterotoxin production-related protein TieB"
"A7618","serine protease autotransporter toxin SigA"
"A7623","type II toxin-antitoxin system PrlF family antitoxin"
"A7632","damage-inducible type I toxin DinQ"
"A7641","toxin co-regulated pilus biosynthesis Q family protein"
"A7647","DinQ-like type I toxin DqlB"
"A7835","SymE family type I addiction module toxin"
"A7836","toxin-antitoxin system HicB family antitoxin"
"A7949","YjhX family toxin"
"A8129","toxin YdaT domain-containing protein"
"A8138","hemolysin XhlA"
"A8215","polymorphic toxin type 44 domain-containing protein"
"A8300","toxic anion resistance protein"
"A8336","enterotoxin"
"A8431","EmmdR/YeeO family multidrug/toxin efflux MATE transporter"
"A8438","type II toxin-antitoxin system death-on-curing family toxin"
"A8592","VapC toxin family PIN domain ribonuclease"
"A8649","type II toxin-antitoxin system antitoxin RelB"
"A8655","MbcA/ParS/Xre antitoxin family protein"
"A8692","type II toxin-antitoxin system toxin CcdB"
"A8693","type II toxin-antitoxin system antitoxin CcdA"
"A8750","pyocin knob domain-containing protein"
"A8823","type II toxin-antitoxin system YafQ family toxin"
"A8853","putative holin-like toxin"
"A9009","type II toxin-antitoxin system YoeB family toxin"
"A9186","bacteriocin family protein"
"A9413","putative thiazole-containing bacteriocin maturation protein"
"A9434","T7SS effector LXG polymorphic toxin"
"A947","hemolysin family protein"
"A9506","type II toxin-antitoxin system endoribonuclease NdoA"
"A9602","lactococcin 972 family bacteriocin"
"A9713","pre-toxin TG domain-containing protein"
"A9714","HNH/endonuclease VII fold putative polymorphic toxin"
"A9983","hemolysin XhlA family protein"
